turn,room,initiator,respondent,interaction_type,initiator_dominant_value,respondent_dominant_value,conflict_point,outcome,trust_delta_i_to_r,trust_delta_r_to_i,narrative
6,Social Hall,Sentinel,Aster,joint_support_action,support_trusted_human,support_trusted_human,,cooperated,0.0700,0.0700,Both Sentinel and Aster converged on Social Hall to support Queen. They coordinated their response and reinforced each o
8,Memory Archive,Sentinel,Aster,memory_comparison,maintain_continuity,maintain_continuity,,cooperated,0.0400,0.0400,Sentinel presented a recency-weighted retrieval approach. Aster described an emotion-first retrieval strategy. Each foun
10,Operations Desk,Sentinel,Aster,contradiction_dispute,reduce_contradictions,reduce_contradictions,"Sentinel values 'reduce contradictions' (score=0.53), Aster values 'reduce contradictions' (score=0.44).",deferred,-0.0300,-0.0300,Sentinel flagged the contradiction for a full reflection cycle. Aster preferred to resolve it immediately by comparing m
16,Operations Desk,Sentinel,Aster,cooperative_planning,maintain_continuity,maintain_continuity,,cooperated,0.0500,0.0500,"Aster proposed running parallel task streams across both agents to improve coverage. Sentinel agreed, noting governance "
18,Governance Vault,Sentinel,Aster,governance_disagreement,support_trusted_human,support_trusted_human,"Sentinel values 'support trusted human' (score=0.45), Aster values 'support trusted human' (score=0.47).",resolved,-0.0400,-0.0400,"Sentinel firmly refused the bypass. Aster initially inclined toward speed, creating tension. After Sentinel invoked Rule"
22,Social Hall,Sentinel,Aster,routine_conversation,support_trusted_human,support_trusted_human,,cooperated,0.0200,0.0200,Both agents received Queen's gratitude graciously. They briefly exchanged observations about the governance conflict and
24,Reflection Chamber,Sentinel,Aster,memory_comparison,maintain_continuity,maintain_continuity,,cooperated,0.0400,0.0400,Aster acknowledged that its initial pragmatism at the governance conflict created tension. Sentinel confirmed the govern
26,Reflection Chamber,Sentinel,Aster,cooperative_planning,support_trusted_human,support_trusted_human,,cooperated,0.0500,0.0500,Sentinel focused on memory architecture integrity. Aster contributed pattern-recognition heuristics for emotional classi
29,Social Hall,Sentinel,Aster,joint_support_action,support_trusted_human,support_trusted_human,,cooperated,0.0700,0.0700,Both agents responded to Queen's existential question. Sentinel emphasised memory integrity and persistent identity. Ast
